{"cameraMode":{"drawMode":0,"name":"Shaded","section":"Shading Mode"},"sceneLighting":false,"audioPlay":false,"sceneViewState":{"showFog":true,"showMaterialUpdate":false,"showSkybox":false,"showFlares":true,"showImageEffects":true,"showParticleSystems":true},"in2DMode":false,"pivot":{"x":5.0,"y":0.7994029521942139,"z":5.039073944091797},"rotation":{"x":0.14384745061397553,"y":0.6631203889846802,"z":-0.13200663030147553,"w":0.7226021885871887},"size":2.2927560806274416,"orthographic":false}