{"cameraMode":{"drawMode":0,"name":"Shaded","section":"Shading Mode"},"sceneLighting":false,"audioPlay":false,"sceneViewState":{"showFog":true,"showMaterialUpdate":false,"showSkybox":false,"showFlares":true,"showImageEffects":true,"showParticleSystems":true},"in2DMode":false,"pivot":{"x":1.3516321182250977,"y":-1.6444016695022584,"z":0.4007769525051117},"rotation":{"x":0.14804096519947053,"y":-0.7413026690483093,"z":0.17388330399990083,"w":0.6311329007148743},"size":0.35971030592918398,"orthographic":false}