{"cameraMode":{"drawMode":0,"name":"Shaded","section":"Shading Mode"},"sceneLighting":false,"audioPlay":false,"sceneViewState":{"showFog":true,"showMaterialUpdate":false,"showSkybox":false,"showFlares":true,"showImageEffects":true,"showParticleSystems":true},"in2DMode":false,"pivot":{"x":0.026882052421569825,"y":1.957679033279419,"z":0.004770457744598389},"rotation":{"x":0.18357186019420625,"y":0.7931287884712219,"z":-0.2890659272670746,"w":0.5036799311637878},"size":0.6052483320236206,"orthographic":false}