{"cameraMode":{"drawMode":0,"name":"Shaded","section":"Shading Mode"},"sceneLighting":false,"audioPlay":false,"sceneViewState":{"showFog":true,"showMaterialUpdate":false,"showSkybox":false,"showFlares":true,"showImageEffects":true,"showParticleSystems":true},"in2DMode":false,"pivot":{"x":29.415616989135743,"y":2.531999111175537,"z":-40.048301696777347},"rotation":{"x":0.06963196396827698,"y":-0.9287287592887878,"z":0.2272758185863495,"w":0.28454044461250307},"size":4.760062217712402,"orthographic":false}