{"cameraMode":{"drawMode":0,"name":"Shaded","section":"Shading Mode"},"sceneLighting":false,"audioPlay":false,"sceneViewState":{"showFog":true,"showMaterialUpdate":false,"showSkybox":false,"showFlares":true,"showImageEffects":true,"showParticleSystems":true},"in2DMode":false,"pivot":{"x":-0.14102879166603089,"y":1.078668236732483,"z":-0.3286482095718384},"rotation":{"x":-0.014462041668593884,"y":-0.7658816576004028,"z":0.01723460480570793,"w":-0.6425999999046326},"size":3.1436092853546144,"orthographic":false}