{"cameraMode":{"drawMode":0,"name":"Shaded","section":"Shading Mode"},"sceneLighting":false,"audioPlay":false,"sceneViewState":{"showFog":true,"showMaterialUpdate":false,"showSkybox":false,"showFlares":true,"showImageEffects":true,"showParticleSystems":true},"in2DMode":false,"pivot":{"x":325.67498779296877,"y":183.49090576171876,"z":0.48543381690979006},"rotation":{"x":0.18357186019420625,"y":0.7931287884712219,"z":-0.2890659272670746,"w":0.5036799311637878},"size":374.3855895996094,"orthographic":false}