{"cameraMode":{"drawMode":0,"name":"Shaded","section":"Shading Mode"},"sceneLighting":false,"audioPlay":false,"sceneViewState":{"showFog":true,"showMaterialUpdate":false,"showSkybox":false,"showFlares":true,"showImageEffects":true,"showParticleSystems":true},"in2DMode":false,"pivot":{"x":1.2784377336502076,"y":-1.9337737560272217,"z":0.5078443288803101},"rotation":{"x":0.04113895073533058,"y":-0.8466886878013611,"z":0.06617602705955506,"w":0.5263534784317017},"size":0.41394683718681338,"orthographic":false}