{"cameraMode":{"drawMode":0,"name":"Shaded","section":"Shading Mode"},"sceneLighting":true,"audioPlay":false,"sceneViewState":{"showFog":true,"showMaterialUpdate":false,"showSkybox":true,"showFlares":true,"showImageEffects":true,"showParticleSystems":true},"in2DMode":false,"pivot":{"x":55.0,"y":3.1998977661132814,"z":-29.989124298095704},"rotation":{"x":0.01416082214564085,"y":-0.9488899111747742,"z":-0.3123471438884735,"w":-0.04301908612251282},"size":1.2699300050735474,"orthographic":false}