{"cameraMode":{"drawMode":0,"name":"Shaded","section":"Shading Mode"},"sceneLighting":false,"audioPlay":false,"sceneViewState":{"showFog":true,"showMaterialUpdate":false,"showSkybox":false,"showFlares":true,"showImageEffects":true,"showParticleSystems":true},"in2DMode":false,"pivot":{"x":-5.21540641784668e-8,"y":0.36505138874053957,"z":2.2351741790771486e-8},"rotation":{"x":-0.3028162121772766,"y":-0.20098349452018739,"z":0.06549223512411118,"w":-0.929313600063324},"size":0.5045192241668701,"orthographic":false}