{"cameraMode":{"drawMode":0,"name":"Shaded","section":"Shading Mode"},"sceneLighting":false,"audioPlay":false,"sceneViewState":{"showFog":true,"showMaterialUpdate":false,"showSkybox":false,"showFlares":true,"showImageEffects":true,"showParticleSystems":true},"in2DMode":false,"pivot":{"x":-5.21540641784668e-8,"y":0.36505138874053957,"z":2.2351741790771486e-8},"rotation":{"x":0.007134411484003067,"y":0.3083902597427368,"z":0.0023128148168325426,"w":-0.9512317776679993},"size":0.5045192241668701,"orthographic":false}