{"cameraMode":{"drawMode":0,"name":"Shaded","section":"Shading Mode"},"sceneLighting":false,"audioPlay":false,"sceneViewState":{"showFog":true,"showMaterialUpdate":false,"showSkybox":false,"showFlares":true,"showImageEffects":true,"showParticleSystems":true},"in2DMode":false,"pivot":{"x":27.470333099365236,"y":4.229343891143799,"z":-39.933319091796878},"rotation":{"x":0.6266406178474426,"y":0.06870339065790177,"z":-0.055603038519620898,"w":0.7742800116539002},"size":29.070568084716798,"orthographic":false}