{"cameraMode":{"drawMode":0,"name":"Shaded","section":"Shading Mode"},"sceneLighting":false,"audioPlay":false,"sceneViewState":{"showFog":true,"showMaterialUpdate":false,"showSkybox":false,"showFlares":true,"showImageEffects":true,"showParticleSystems":true},"in2DMode":false,"pivot":{"x":-74.67252349853516,"y":115.55091857910156,"z":-308.32977294921877},"rotation":{"x":-0.07746850699186325,"y":0.9143508672714233,"z":-0.3376009464263916,"w":-0.20984338223934174},"size":0.8660253882408142,"orthographic":false}