{"cameraMode":{"drawMode":0,"name":"Shaded","section":"Shading Mode"},"sceneLighting":false,"audioPlay":false,"sceneViewState":{"showFog":true,"showMaterialUpdate":false,"showSkybox":false,"showFlares":true,"showImageEffects":true,"showParticleSystems":true},"in2DMode":false,"pivot":{"x":44.369998931884769,"y":1.1500000953674317,"z":-36.380001068115237},"rotation":{"x":0.17061111330986024,"y":-0.6993411183357239,"z":0.17782674729824067,"w":0.6709672808647156},"size":1.2247449159622193,"orthographic":false}