{"cameraMode":{"drawMode":0,"name":"Shaded","section":"Shading Mode"},"sceneLighting":false,"audioPlay":false,"sceneViewState":{"showFog":true,"showMaterialUpdate":false,"showSkybox":false,"showFlares":true,"showImageEffects":true,"showParticleSystems":true},"in2DMode":false,"pivot":{"x":55.000003814697269,"y":-0.09739794582128525,"z":-10.000001907348633},"rotation":{"x":0.6266406178474426,"y":0.06870339065790177,"z":-0.055603038519620898,"w":0.7742800116539002},"size":28.284435272216798,"orthographic":false}