{"cameraMode":{"drawMode":0,"name":"Shaded","section":"Shading Mode"},"sceneLighting":false,"audioPlay":false,"sceneViewState":{"showFog":true,"showMaterialUpdate":false,"showSkybox":false,"showFlares":true,"showImageEffects":true,"showParticleSystems":true},"in2DMode":false,"pivot":{"x":-0.0029622092843055727,"y":0.040653351694345477,"z":0.001345127820968628},"rotation":{"x":-0.2675529420375824,"y":-0.5429398417472839,"z":0.18779395520687104,"w":-0.773544430732727},"size":0.5930816531181336,"orthographic":false}