{"cameraMode":{"drawMode":0,"name":"Shaded","section":"Shading Mode"},"sceneLighting":false,"audioPlay":false,"sceneViewState":{"showFog":true,"showMaterialUpdate":false,"showSkybox":false,"showFlares":true,"showImageEffects":true,"showParticleSystems":true},"in2DMode":false,"pivot":{"x":1.2934377193450928,"y":-1.910773754119873,"z":0.3542318642139435},"rotation":{"x":-0.2675529420375824,"y":-0.5429398417472839,"z":0.18779395520687104,"w":-0.773544430732727},"size":0.4108354151248932,"orthographic":false}