{"cameraMode":{"drawMode":0,"name":"Shaded","section":"Shading Mode"},"sceneLighting":false,"audioPlay":false,"sceneViewState":{"showFog":true,"showMaterialUpdate":false,"showSkybox":false,"showFlares":true,"showImageEffects":true,"showParticleSystems":true},"in2DMode":false,"pivot":{"x":5.000004768371582,"y":-0.09739789366722107,"z":-10.0},"rotation":{"x":0.6266406178474426,"y":0.06870339065790177,"z":-0.055603038519620898,"w":0.7742800116539002},"size":14.142467498779297,"orthographic":false}