{"cameraMode":{"drawMode":0,"name":"Shaded","section":"Shading Mode"},"sceneLighting":false,"audioPlay":false,"sceneViewState":{"showFog":true,"showMaterialUpdate":false,"showSkybox":false,"showFlares":true,"showImageEffects":true,"showParticleSystems":true},"in2DMode":false,"pivot":{"x":55.0,"y":2.4998979568481447,"z":-29.989124298095704},"rotation":{"x":-0.026462271809577943,"y":-0.37086474895477297,"z":-0.010572508908808232,"w":0.9282504916191101},"size":0.9699298739433289,"orthographic":false}