{"cameraMode":{"drawMode":0,"name":"Shaded","section":"Shading Mode"},"sceneLighting":true,"audioPlay":false,"sceneViewState":{"showFog":true,"showMaterialUpdate":false,"showSkybox":true,"showFlares":true,"showImageEffects":true,"showParticleSystems":true},"in2DMode":false,"pivot":{"x":27.599998474121095,"y":10.65999984741211,"z":43.0},"rotation":{"x":0.4942382276058197,"y":0.5053400993347168,"z":-0.5145190954208374,"w":0.48542162775993349},"size":50.992645263671878,"orthographic":true}